Kamal Hopkins|0932-58374|in.lobortis@velsapienimperdiet.com|07/26/1995
Ignatius Hensley|0956-44535|nunc.ullamcorper.eu@fringillaporttitorvulputate.edu|08/06/1994
Aiko Eaton|0977-49575|tincidunt.tempus@suscipitest.co.uk|03/02/1995
Trevor Branch|0988-53643|Integer@Mauris.edu|07/15/1995
August Bradford|0917-94712|a@adipiscingfringillaporttitor.ca|02/20/1995
Winifred Alford|0998-64388|egestas.Sed.pharetra@etmagnis.org|02/11/1995
Dillon Wheeler|0963-84323|lectus@velarcuCurabitur.net|12/29/1994
Drew Ramsey|0979-45188|sed.sem.egestas@vitaesodalesat.ca|08/31/1994
Brendan Austin|0982-27721|non.ante@lacuspede.co.uk|05/28/1995
Bevis Woodward|0929-14853|Integer.vitae.nibh@condimentumegetvolutpat.com|12/08/1994
Adrienne Bean|0967-77396|Duis.volutpat@Aenean.ca|04/24/1995
Aspen Carney|0935-94291|ac.mattis.ornare@dolor.com|05/05/1995
Zephania Griffith|0962-45267|consectetuer.cursus.et@mollisneccursus.com|01/28/1995
Leigh Ferrell|0942-83975|eleifend.nec@Integer.ca|03/21/1995
Kiayada Sullivan|0978-52686|lobortis@convallis.org|02/28/1995
Fay Fields|0955-48134|in.consectetuer.ipsum@Mauris.com|09/30/1994
Tarik Sanchez|0915-11196|dolor.vitae.dolor@tinciduntorci.edu|02/22/1995
Kiara Mcdowell|0974-49541|in@Sed.org|04/20/1995
Chase Dotson|0996-36538|natoque.penatibus.et@ornareplaceratorci.edu|11/07/1994
Desiree Tran|0934-47234|natoque.penatibus@acarcuNunc.co.uk|03/08/1995
September Carrillo|0967-38196|quam@pedeSuspendissedui.ca|12/11/1994
Aiko Allen|0935-89687|pede.Cras.vulputate@interdum.com|12/17/1994
Hedy Waters|0912-92783|non@adipiscingfringillaporttitor.edu|10/25/1994
Cally Ortiz|0995-91449|In.condimentum@risusDonecegestas.net|03/14/1995
Mallory Rios|0927-81323|dui.semper.et@sollicitudincommodoipsum.com|06/28/1995
Eagan Mcintyre|0998-66822|a.sollicitudin.orci@Etiamligula.co.uk|04/10/1995
Bo Chaney|0952-99352|ipsum.cursus@pellentesqueafacilisis.co.uk|05/14/1995
Sybil Mayo|0928-51674|netus.et@nonhendreritid.co.uk|08/18/1994
Noble Ortega|0952-62524|eget.volutpat@nequeNullam.net|05/21/1995
Hayden Morgan|0932-86157|nulla.magna.malesuada@necquam.com|11/22/1994
Ariel Newton|0958-98576|sapien.Cras.dolor@diam.ca|03/16/1995
Howard Boyd|0928-99989|magnis.dis.parturient@sitametconsectetuer.edu|03/16/1995
Sage Owen|0983-82676|est.tempor.bibendum@eros.com|10/01/1994
Porter Maynard|0936-56473|dui@Aliquamultricesiaculis.ca|03/12/1995
Sawyer Knapp|0961-66449|velit.Aliquam@utmolestie.com|03/28/1995
Kimberly Dillon|0944-27762|Etiam.imperdiet@euismod.com|09/12/1994
Russell Wheeler|0949-46574|magnis@acmi.ca|06/22/1995
Jasmine Manning|0957-42587|metus.Vivamus.euismod@dictum.edu|10/02/1994
Kessie Mooney|0945-85118|Aliquam.gravida.mauris@malesuada.edu|08/02/1994
Ima Tucker|0931-14814|Quisque.libero.lacus@enim.edu|03/27/1995
Cameron Porter|0954-31719|arcu@arcu.edu|10/21/1994
Geraldine Peters|0927-11738|interdum.Sed.auctor@eros.net|05/28/1995
Lana Medina|0961-46438|tellus.imperdiet@etmalesuadafames.org|04/24/1995
Briar Arnold|0937-75992|ultrices.iaculis@aliquam.co.uk|06/23/1995
Veda Thornton|0929-83773|vulputate.mauris.sagittis@primisinfaucibus.com|02/07/1995
Jeanette Mills|0935-92187|augue.ac.ipsum@lacusvarius.com|02/01/1995
Riley Atkinson|0935-48951|ac.mattis@lorem.co.uk|04/06/1995
Constance Cabrera|0986-83824|at.egestas.a@atarcu.net|11/01/1994
Molly Pickett|0944-55413|Etiam.ligula.tortor@egetlacus.net|03/02/1995
Keefe Vincent|0944-56794|neque@aliquam.co.uk|11/17/1994
Rudyard Snider|0941-43396|ante@urnaNuncquis.net|11/27/1994
Avye Mcpherson|0964-61692|per.conubia@consequatdolor.org|03/30/1995
Illiana Dawson|0978-35512|pharetra.sed@dolorFuscemi.com|03/19/1995
Dante Doyle|0982-35485|nunc@vitaerisusDuis.edu|03/09/1995
August Alvarado|0926-51389|Nunc.ut.erat@arcuvel.org|11/06/1994
Pandora Beck|0937-18335|Lorem@Sedcongue.ca|04/01/1995
TaShya Duran|0959-24289|Donec.feugiat.metus@NullamenimSed.ca|12/07/1994
Paki Shaw|0944-41983|Aliquam.vulputate@facilisisnonbibendum.net|12/22/1994
Cora Fitzgerald|0974-12853|egestas.Sed.pharetra@Sed.ca|07/27/1995
Igor Mack|0971-99787|mi@utmolestiein.org|01/03/1995
Upton Booker|0976-15828|sem.Nulla@nuncsedpede.net|07/19/1995
Lamar Dyer|0977-84126|vel.sapien.imperdiet@loremluctusut.org|02/02/1995
Nevada Pierce|0943-29876|sem.mollis.dui@PhasellusnullaInteger.ca|04/03/1995
Ryan Ayala|0963-57767|Nullam@estac.edu|09/20/1994
Wilma Rivers|0968-59829|tempus.mauris@arcuSedet.org|10/16/1994
Lacy Garner|0954-89883|dui.lectus@quamelementumat.org|08/31/1994
Demetrius Roy|0981-15133|consequat.purus.Maecenas@viverraDonec.org|09/22/1994
Tatyana Wolfe|0986-54539|et@cursusetmagna.ca|04/13/1995
Calista Landry|0991-43338|Aenean.euismod.mauris@Suspendisseeleifend.co.uk|12/23/1994
Aimee Fisher|0999-78757|nibh.Aliquam@volutpat.edu|07/06/1995
Graiden Preston|0991-72669|ultricies.ligula.Nullam@ante.co.uk|11/18/1994
Mercedes York|0983-39637|orci.luctus.et@tinciduntdui.ca|08/12/1994
Dane Curry|0919-58989|ac.eleifend@incursus.ca|07/13/1995
Lacota Anderson|0999-94732|nulla.magna@orciluctuset.ca|10/12/1994
Amela Kelly|0933-81883|et.nunc@ante.com|07/10/1995
Fulton Cobb|0933-66183|dictum@lectusCumsociis.co.uk|09/28/1994
Kyla Ayers|0976-11297|bibendum@sem.edu|03/30/1995
Ali Mcclain|0956-85787|Aliquam.nec.enim@Fuscedolor.com|10/05/1994
Dennis Hopkins|0938-76251|id.mollis.nec@nonummyacfeugiat.co.uk|04/13/1995
Kadeem Oneill|0987-29772|iaculis.enim@diameudolor.edu|09/05/1994
Malachi Duke|0978-56961|faucibus@Vivamus.com|12/08/1994
Reagan Clark|0989-78388|scelerisque@Quisquenonummyipsum.com|07/24/1995
Jordan Alston|0981-69317|dictum@sagittisDuis.net|10/13/1994
Lyle Padilla|0924-59998|id@felisDonec.edu|08/03/1994
Sylvia Morris|0963-89417|et.malesuada.fames@Integerinmagna.ca|07/12/1995
Cameron Roth|0916-85265|velit.Sed@consequatauctornunc.com|04/25/1995
Brianna Fischer|0918-14392|laoreet.lectus.quis@Aeneaneget.net|09/26/1994
Zoe Maddox|0922-75499|dapibus.ligula@tacitisociosqu.ca|08/17/1994
Renee Jensen|0997-59663|leo@sitamet.edu|02/09/1995
Xavier Koch|0998-27156|Vivamus@risusQuisque.net|11/14/1994
Carlos Larson|0938-89846|non.arcu@egetdictumplacerat.co.uk|06/21/1995
Georgia Conway|0997-57652|lobortis.quam@risusDonec.edu|01/09/1995
Abraham Gilmore|0997-44858|habitant@rhoncus.com|12/14/1994
Simon Koch|0986-76867|gravida@dis.com|06/24/1995
Laura Durham|0979-19872|tellus@sagittisaugueeu.net|10/27/1994
Lareina Leach|0986-27823|sem@auctorvitae.com|11/10/1994
Ali Stephenson|0915-36754|adipiscing.elit@nisidictumaugue.ca|12/06/1994
Channing Harmon|0959-35814|Aenean.eget@turpis.edu|05/06/1995
Carla Wilkins|0966-24441|Phasellus.fermentum@Integerin.com|10/21/1994
Ria Hays|0949-96667|auctor.velit@lectus.ca|10/31/1994
