Mikayla Mcfarland|0917-43564|habitant@imperdietdictum.ca|11/07/16
Joseph Middleton|0983-88472|penatibus.et@et.edu|20/07/15
Lucian Sampson|0984-38383|velit.justo.nec@inlobortis.edu|09/06/16
Grady Kent|0913-91556|Sed.eget.lacus@idantedictum.org|28/12/15
Ocean Ortega|0955-36792|at.pede@hendreritconsectetuercursus.org|27/03/15
Kelly Bentley|0983-35691|quam@neque.co.uk|05/10/14
Alma Finley|0924-26525|luctus.vulputate@vitaediam.edu|28/10/15
Madonna Holmes|0948-74315|Nunc.mauris.Morbi@cubilia.net|02/12/14
Lyle Roth|0966-98845|fermentum.metus@Suspendissetristique.co.uk|29/09/15
Lois Grimes|0915-59515|non@eget.co.uk|14/07/16
Lars Bryan|0974-21394|ullamcorper.eu@imperdietdictum.com|03/08/15
Charlotte Taylor|0931-34944|tempus.eu@Vivamus.edu|28/06/16
John Graham|0929-41216|vitae.diam.Proin@vitaeeratvel.net|01/03/16
Sonia Osborn|0936-36674|vel.turpis.Aliquam@nuncsedlibero.ca|22/11/15
Finn Ochoa|0937-53153|eu@Loremipsum.org|01/09/15
Adam Mccarthy|0986-98898|Morbi.quis.urna@magnaUttincidunt.co.uk|29/02/16
Benjamin Morris|0981-66626|ornare.facilisis.eget@aultriciesadipiscing.co.uk|19/05/16
Olga Rhodes|0949-36939|Duis.elementum@egestaslacinia.org|04/02/16
Carl Snider|0948-61627|eu@sociosqu.com|03/10/14
Jolie Newton|0989-53482|risus.Nulla@Sedneque.net|14/10/14
Tiger Mclean|0995-48375|ornare.elit.elit@aliquet.org|14/07/15
Bradley Roberts|0939-42597|Duis.elementum.dui@euismodindolor.edu|04/06/15
Robert Barr|0934-13945|adipiscing.lobortis.risus@ac.org|10/08/16
Hayden Valenzuela|0945-62778|ut.ipsum@nonummy.edu|27/01/15
Riley Maxwell|0963-14912|at@anteiaculis.com|17/09/14
Naomi Buck|0995-84535|fames@vitaealiquet.net|24/04/15
Nehru Trujillo|0981-17344|ornare.placerat.orci@estMauris.co.uk|21/01/16
Nero Sims|0916-57723|purus.accumsan@etnetus.net|26/11/15
Cara Salinas|0999-29397|eu.odio.Phasellus@laoreetlibero.co.uk|27/09/15
Signe Levine|0923-12862|nec.ante.Maecenas@iaculisenimsit.co.uk|26/05/16
Allen Savage|0946-98159|Cras@ametorci.edu|15/10/15
Edan Floyd|0925-88624|magna.Duis@tempusnonlacinia.co.uk|08/09/14
Evan Stuart|0986-42514|Nulla.interdum.Curabitur@nibhAliquam.ca|10/12/15
Kennedy Hurst|0926-14969|Quisque@Donecestmauris.org|20/07/16
Charde Murray|0985-48993|dictum.eu@consequatlectus.com|04/11/14
Deacon Knight|0966-75166|elit.Etiam@in.net|16/04/15
Isadora Tate|0951-38739|diam.nunc.ullamcorper@liberoatauctor.edu|03/05/16
Tara Albert|0924-49182|est.mauris@Nunc.org|02/06/15
Isaac Montgomery|0946-25332|egestas.Aliquam@diam.co.uk|17/08/16
Shaeleigh Duncan|0948-31666|auctor.vitae.aliquet@urnaNunc.net|29/03/16
Hayfa Trujillo|0965-54721|mi.enim.condimentum@ipsum.org|20/11/14
Emi Serrano|0918-96735|nostra.per@lectusNullamsuscipit.org|02/04/16
MacKensie Hubbard|0981-45513|habitant.morbi.tristique@luctussit.net|10/07/16
Francesca Baird|0942-13652|Aliquam.vulputate.ullamcorper@nunc.edu|23/08/14
Elizabeth Arnold|0987-89522|eget.laoreet@lacusAliquamrutrum.edu|02/11/14
Tamekah Carter|0939-87164|non@velpedeblandit.com|13/04/15
Ezekiel Waters|0946-75267|mi.lorem.vehicula@Nam.org|14/12/15
Hiroko Thompson|0979-58531|erat@Praesent.co.uk|06/08/15
Cherokee Gamble|0944-88443|tincidunt@vulputatemauris.co.uk|06/12/14
Jacqueline Phelps|0955-95354|vulputate@Nullamfeugiat.ca|12/06/16
August Davenport|0998-66968|odio.Aliquam@Intincidunt.co.uk|21/08/16
Dakota Cantu|0926-29185|cursus.Integer@Cras.com|17/05/15
Selma Beard|0935-48845|Ut@per.org|19/05/15
Clare Schneider|0972-72174|lacus@cursusdiamat.org|13/04/15
Lucius Mccarty|0926-56662|sed@sapiengravida.edu|08/11/14
Alden Dawson|0949-17336|porttitor@aliquetdiam.net|15/08/15
Lydia Gardner|0918-29552|arcu.Vivamus.sit@tortorNunc.ca|11/02/16
Jolene Holcomb|0913-37472|Mauris.eu@inceptos.edu|23/07/16
Alisa Patrick|0992-35775|aliquet.odio.Etiam@enimMauris.net|14/02/16
Amelia Peters|0948-15967|mollis.dui@Nulla.edu|17/10/14
Geoffrey Payne|0966-62716|Mauris@tempor.org|29/10/15
Blossom Guzman|0969-96465|dolor.sit@arcuNunc.net|17/12/15
Brennan Young|0968-39393|quis.massa@pedesagittisaugue.edu|11/03/16
Madonna Hopkins|0989-62984|ultrices@morbi.net|17/10/15
Ira Huber|0999-25668|justo.Proin@Fuscealiquamenim.net|22/05/15
Kendall George|0948-73811|Aliquam.ornare.libero@vestibulum.com|09/10/14
Harding Nicholson|0965-56274|tellus.Phasellus.elit@quis.com|01/12/15
Nevada Mitchell|0978-43547|Nulla.aliquet.Proin@Praesenteu.org|28/01/15
Jana Barton|0956-48439|non@pulvinar.co.uk|18/01/15
Evelyn Michael|0991-13274|sagittis.semper.Nam@eu.edu|06/03/15
Cassidy Monroe|0989-56851|laoreet@a.com|06/05/15
Rogan Marquez|0955-65136|magna.Ut.tincidunt@Phasellus.edu|08/08/15
Leonard Huff|0941-67417|erat@Vestibulum.net|01/09/14
Keefe Ford|0996-89564|non.dui@Sed.com|19/04/16
Iola Robertson|0974-66795|accumsan.laoreet.ipsum@nasceturridiculusmus.org|25/10/15
Claudia Huffman|0934-88535|aliquam.eros.turpis@felis.net|04/09/14
Maryam Rice|0957-93846|mollis.nec@nonenim.co.uk|16/02/15
Chloe Oneal|0916-56294|Cum.sociis@nequevenenatislacus.com|25/12/15
Maxwell Carver|0971-62383|Morbi.quis.urna@venenatisamagna.com|24/04/15
Jamalia Harrison|0973-56739|dictum.sapien.Aenean@pharetraQuisqueac.co.uk|15/09/15
Althea Ruiz|0971-34641|fermentum.convallis.ligula@mollisdui.org|26/11/15
Quentin Gregory|0934-88983|aliquet.Phasellus.fermentum@loremipsum.net|14/06/15
Willa Coleman|0918-53887|eget@Nunc.net|09/02/15
Julian Ewing|0949-34183|Suspendisse.aliquet@Innecorci.ca|05/10/15
Farrah Gomez|0933-66911|enim.commodo.hendrerit@liberodui.co.uk|14/05/16
Neil Bonner|0996-15452|cursus.in@justonec.ca|19/11/15
Kelly Berger|0995-13636|fringilla.porttitor.vulputate@in.org|04/03/15
Liberty Hewitt|0987-15338|ut.nulla@ettristique.edu|07/12/15
Madaline Craig|0979-37124|sit@semperegestas.net|26/10/15
Vanna Dawson|0983-81529|mauris.rhoncus.id@molestieSed.co.uk|14/01/16
Thomas Sykes|0949-34355|elit.pharetra.ut@dolortempus.com|05/08/15
Idona Santiago|0956-17493|tincidunt.pede.ac@portaelit.ca|26/05/16
Desirae Lara|0966-98698|risus.Donec@risusDonec.edu|14/10/15
Dora Hamilton|0926-17725|sociosqu.ad@ornareIn.net|10/03/16
Rajah Woodard|0936-28622|Donec.egestas.Aliquam@erosnec.ca|31/05/16
Richard Mejia|0998-67177|lobortis.mauris.Suspendisse@tincidunt.co.uk|19/03/15
John Beach|0938-14943|mollis@Pellentesque.ca|14/12/14
Kyla Kirk|0942-12175|a.purus@felisadipiscing.com|10/09/15
Nathaniel Booth|0957-45461|lobortis@tinciduntnequevitae.ca|30/03/16
Tad Yang|0974-66872|Class@in.co.uk|03/04/15
